workload,mode,tiles,latency_ms,speedup_vs_normal,peak_vram_dev0_gb,peak_vram_dev1_gb,cos_sim,pcie_transfer_ms,stitch_overhead_ms
5s Audio (200 frames),1-GPU Normal,1,726.5943589999893,1.0,2.6794276237487793,0.0,1.0,,
5s Audio (200 frames),1-GPU Tiled,3,651.6853869999863,1.1149465271038899,2.639841079711914,0.0,0.0,,
5s Audio (200 frames),2-GPU Channel Parallel,2,416.86327000002166,1.7430040286349802,2.85276460647583,2.704606533050537,0.0,0.14511700004504746,0.22172399997089087
5s Audio (200 frames),2-GPU Temporal Tiled,3,371.8617019999897,1.9539370553410993,2.6354870796203613,2.492630958557129,0.0,6.536713999992116,0.4367139999885694
10s Audio (400 frames),1-GPU Normal,1,894.4557269999791,1.0,2.7851786613464355,0.0,1.0,,
10s Audio (400 frames),1-GPU Tiled,5,1121.5629509999872,0.7975082684413577,2.6482644081115723,0.0,0.0,,
10s Audio (400 frames),2-GPU Channel Parallel,2,541.7681010000024,1.6509937099452356,2.8600993156433105,2.7069430351257324,0.0,0.24753000002419867,0.15496499997880164
10s Audio (400 frames),2-GPU Temporal Tiled,5,640.3197710000086,1.3968891286974912,2.6419739723205566,2.4941115379333496,0.0,19.606906999968032,0.5692510000017137
20s Audio (800 frames),1-GPU Normal,1,1783.896473000027,1.0,2.9858756065368652,0.0,1.0,,
20s Audio (800 frames),1-GPU Tiled,10,2279.6180810000237,0.7825418160473033,2.6472878456115723,0.0,0.0,,
20s Audio (800 frames),2-GPU Channel Parallel,2,997.5001190000512,1.7883671781295651,2.871154308319092,2.711616039276123,0.0,0.40121099999623766,0.16161600001396437
20s Audio (800 frames),2-GPU Temporal Tiled,10,1186.9715670000005,1.5028973924865938,2.6514344215393066,2.4867329597473145,0.0,44.66076199997815,1.1795940000070004
