seq_len,strategy,block_lat_ms,step_lat_ms,turbo_8step_s,std_25step_s,comm_overhead_pct,peak_vram_gb,rel_l2_err,cos_sim
1024,PP=2,18.55845324842914,927.922662421457,7.4233812993716555,23.198066560536425,0.12867585520202884,10.541015625,0.0,1.0
1024,TP=2 (FP16 AR),13.246216322811838,662.3108161405919,5.298486529124736,16.557770403514798,25.84053098179763,10.55126953125,0.0,1.0002977848052979
1024,TP=2+SP+INT8 AG,11.99841558536821,599.9207792684105,4.799366234147284,14.998019481710262,21.403032964620238,10.53076171875,0.0,1.0002977848052979
2048,PP=2,40.91617849685762,2045.808924842881,16.366471398743048,51.14522312107203,0.11281722427453714,10.58203125,0.0,1.0
2048,TP=2 (FP16 AR),28.266894805623334,1413.3447402811664,11.306757922249332,35.333618507029165,23.369334732551245,10.6025390625,0.0,1.0008513927459717
2048,TP=2+SP+INT8 AG,25.590714844336087,1279.5357422168042,10.236285937734435,31.988393555420107,18.741366605468134,10.5615234375,0.0,1.0008513927459717
4096,PP=2,105.46436479371746,5273.2182396858725,42.18574591748698,131.83045599214682,0.08602051877540333,10.6640625,0.0,1.0
4096,TP=2 (FP16 AR),68.81960174524784,3440.9800872623923,27.527840698099137,86.0245021815598,18.84865678134243,10.705078125,0.0,1.0024733543395996
4096,TP=2+SP+INT8 AG,62.86620933731331,3143.310466865665,25.146483734925322,78.58276167164163,14.717126210411596,10.623046875,0.0,1.0024733543395996
8192,PP=2,269.5865119874382,13479.32559937191,107.83460479497528,336.98313998429774,0.06671030613202904,10.828125,0.0,1.0
8192,TP=2 (FP16 AR),168.4886761624974,8424.43380812487,67.39547046499897,210.61084520312176,15.255114852767825,10.91015625,0.0,1.0068575143814087
8192,TP=2+SP+INT8 AG,155.23831243974828,7761.915621987415,62.09532497589932,194.04789054968538,11.700847850170929,10.74609375,0.0,1.0068575143814087
