seq_len,strategy,layer_lat_ms,total_lat_ms,comm_overhead_pct,peak_vram_gb,rel_l2_err,cos_sim
64,PP=2,137.0111064314878,6850.555321574391,0.0020008826662990583,13.60244140625,0.0,1.0
64,TP=2 (FP16 AR),74.34757873993196,3717.378936996598,0.48833014616043774,13.6030517578125,0.5975892543792725,0.802611231803894
64,TP=2+SP+INT8 AG,71.43927956395353,3571.9639781976766,0.5797135000199327,13.6018310546875,0.5975576043128967,0.8026342391967773
128,PP=2,141.43735966295935,7071.867983147967,0.002745288068327297,13.6048828125,0.0,1.0
128,TP=2 (FP16 AR),76.9002007518551,3845.0100375927545,0.6841637274168245,13.606103515625,0.5709655284881592,0.8212049007415771
128,TP=2+SP+INT8 AG,73.84740066901861,3692.3700334509304,0.7153756139179481,13.603662109375,0.5709653496742249,0.8212042450904846
256,PP=2,141.9395663259165,7096.978316295825,0.004343909226699524,13.609765625,0.0,1.0
256,TP=2 (FP16 AR),77.49628288370904,3874.814144185452,1.099725726185741,13.61220703125,0.5484387874603271,0.8362508416175842
256,TP=2+SP+INT8 AG,74.33484746283611,3716.7423731418053,1.0177899297837774,13.60732421875,0.54844069480896,0.836249589920044
512,PP=2,155.8047838518419,7790.239192592095,0.0068877550294876196,13.61953125,0.0,1.0
512,TP=2 (FP16 AR),85.63328141542287,4281.664070771144,1.7569023334760194,13.6244140625,0.5392974019050598,0.8421950340270996
512,TP=2+SP+INT8 AG,81.97678194775683,4098.839097387841,1.4798643649696854,13.6146484375,0.5393038392066956,0.8421914577484131
1024,PP=2,187.59060750366973,9379.530375183487,0.01058843187097549,13.6390625,0.0,1.0
1024,TP=2 (FP16 AR),104.09718832283814,5204.859416141907,2.6984266185247496,13.648828125,0.5313959717750549,0.8473314046859741
1024,TP=2+SP+INT8 AG,99.3629643678264,4968.1482183913195,2.13992243560318,13.629296875,0.5313922762870789,0.8473321199417114
2048,PP=2,263.334058207345,13166.702910367248,0.014478114833794332,13.678125,0.0,1.0
2048,TP=2 (FP16 AR),147.59777597367926,7379.888798683963,3.6707683716350683,13.69765625,0.5271880030632019,0.8503726720809937
2048,TP=2+SP+INT8 AG,140.44519209053564,7022.259604526782,2.8143225663624403,13.65859375,0.5271866321563721,0.850378155708313
