workload,resolution,tokens,strategy,decode_latency_ms,decode_p95_ms,per_block_ms,attn_lat_ms,mlp_lat_ms,comm_lat_ms,collectives_count,comm_volume_mb,speedup,peak_vram_dev0_gb,peak_vram_dev1_gb,gpu_util_pct,rel_l2,cos_sim,mae
512x512 (1 frame),512x512,1024,Single GPU,1302.0350399990548,1327.7796479999324,36.167639999973744,598.9361183995652,703.0989215994896,0.0,0,0.0,1.0,1.8734375,0.0,100.0,0.0,1.0,0.0
512x512 (1 frame),512x512,1024,TP=2 (FP16 AR),723.6328688994988,745.3418549664838,20.100913024986077,334.73410561776905,388.8987632817297,46.57464809999033,72,576.0,1.7993033428390148,0.94953125,0.94953125,94.5,0.0,1.0000276565551758,0.0
512x512 (1 frame),512x512,1024,TP=2+SP+INT8 AG,693.837460250516,707.7142094555263,19.273262784736556,320.64887115823706,373.1885890922789,37.09098607499275,144,288.0,1.8765706877932822,0.939765625,0.939765625,97.2,0.0,1.0000276565551758,0.0
512x512 (2 frames),512x512,2048,Single GPU,2685.357719999274,2707.901604000199,74.59326999997984,1235.2645511996661,1450.093168799608,0.0,0,0.0,1.0,1.896875,0.0,100.0,0.0,1.0,0.0
512x512 (2 frames),512x512,2048,TP=2 (FP16 AR),1483.7753105996032,1528.2885699175913,41.21598084998898,686.0322147238168,797.7430958757866,87.38929619998068,72,1152.0,1.809814262857699,0.9690625,0.9690625,94.5,0.0,1.0001477003097534,0.0
512x512 (2 frames),512x512,2048,TP=2+SP+INT8 AG,1422.1964061176193,1450.6403342399717,39.505455725489426,656.9184257001043,765.2779804175151,67.70197214998551,144,576.0,1.8881764209557341,0.94953125,0.94953125,97.2,0.0,1.0001477003097534,0.0
768x768 (1 frame),768x768,2304,Single GPU,2932.0933680007784,2933.950392000952,81.44703800002162,1348.762949280358,1583.3304187204203,0.0,0,0.0,1.0,1.902734375,0.0,100.0,0.0,1.0,0.0
768x768 (1 frame),768x768,2304,TP=2 (FP16 AR),1622.281509585383,1670.9499548729445,45.063375266260635,750.1532127382753,872.1282968471078,97.59295822497826,72,1296.0,1.8073887612453603,0.9739453125,0.9739453125,94.5,0.0,1.000213384628296,0.0
768x768 (1 frame),768x768,2304,TP=2+SP+INT8 AG,1554.3026134883262,1585.3886657580927,43.17507259689795,717.9933909513794,836.3092225369469,75.35471866873368,144,648.0,1.886436619584826,0.95197265625,0.95197265625,97.2,0.0,1.000213384628296,0.0
768x1344 (1 frame),768x1344,4032,Single GPU,5543.233739999778,5636.665475999962,153.97871499999383,2549.8875203998978,2993.34621959988,0.0,0,0.0,1.0,1.94228515625,0.0,100.0,0.0,1.0,0.0
768x1344 (1 frame),768x1344,4032,TP=2 (FP16 AR),3048.9492216935964,3140.4176983444045,84.69303393593323,1409.1753490548028,1639.7738726387936,166.46767689371194,72,2268.0,1.818080045597048,1.0069042968750002,1.0069042968750002,94.5,0.0,1.0004563331604004,0.0
768x1344 (1 frame),768x1344,4032,TP=2+SP+INT8 AG,2923.017856126172,2981.4782132486953,81.19494044794922,1349.6686441248505,1573.3492120013213,127.01075767028395,144,1134.0,1.8964077582974932,0.9684521484375,0.9684521484375,97.2,0.0,1.0004563331604004,0.0
"768x1344 (2 frames, Production)",768x1344,8064,Single GPU,11347.109532001241,11431.748268000092,315.19748700003447,5219.670384720571,6127.43914728067,0.0,0,0.0,1.0,2.0345703125,0.0,100.0,0.0,1.0,0.0
"768x1344 (2 frames, Production)",768x1344,8064,TP=2 (FP16 AR),6227.672310428069,6414.502479740911,172.9908975118908,2877.816276948409,3349.8560334796607,327.1753537874239,72,4536.0,1.8220466598733547,1.0838085937500002,1.0838085937500002,94.5,0.0,1.0012969970703125,0.0
"768x1344 (2 frames, Production)",768x1344,8064,TP=2+SP+INT8 AG,5971.023563281993,6090.444034547633,165.86176564672203,2756.57249972334,3214.451063558654,247.5415153405679,144,2268.0,1.9003625445022132,1.0069042968750002,1.0069042968750002,97.2,0.0,1.0012969970703125,0.0
