workload,resolution,mode,tile_size,num_tiles,latency_ms,speedup_vs_normal,speedup_vs_1gpu_tiled,peak_vram_dev0_gb,peak_vram_dev1_gb,cos_sim,mae,oom,grid,avg_tile_lat_ms,compute_time_ms,stitch_overhead_ms,pcie_transfer_ms,gpu0_util_pct,gpu1_util_pct
512x512,512x512,1-GPU Normal,None,1,919.1672480000079,1.0,1.0,1.9892749786376953,0.0,1.0,0.0,False,,,,,,,
512x512,512x512,1-GPU Tiled,256px (ov 64),9,530.6541999999581,1.7321397776557323,1.0,1.9273805618286133,0.0,0.8378616571426392,4.05859375,,3x3,58.247587888874676,,,,,
512x512,512x512,2-GPU Parallel Tiled,256px (ov 64),9,345.11352199990597,2.663376510643528,1.5376221624839803,1.9523348808288574,1.897923469543457,0.8378616571426392,4.05859375,,3x3,67.49809055555842,342.07376400001976,2.9910669999253514,74.38241299996662,99.7488211343884,77.83942997743632
768x768,768x768,1-GPU Normal,None,1,580.3691340000796,1.0,1.0,2.190293312072754,0.0,1.0,0.0,False,,,,,,,
768x768,768x768,1-GPU Tiled,256px (ov 64),16,946.4260739999872,0.6132218352218468,1.0,2.002793312072754,0.0,0.8084990978240967,4.53955078125,,4x4,58.684219374981694,,,,,
768x768,768x768,2-GPU Parallel Tiled,256px (ov 64),16,582.264331000033,0.9967451260552085,1.6254234092864834,2.042541027069092,1.897923469543457,0.8084990978240967,4.53955078125,,4x4,59.67931825000505,576.8383470000344,5.385061999959362,139.8061830000188,99.86655464154335,65.66839929591113
768x768,768x768,1-GPU Tiled,384px (ov 64),9,1079.938420000076,0.5374094700696349,1.0,2.0673928260803223,0.0,0.8976762294769287,3.467620849609375,,3x3,119.49356900001678,,,,,
768x768,768x768,2-GPU Parallel Tiled,384px (ov 64),9,589.2294520000405,0.9849628731729447,1.8327977604215235,2.072965145111084,1.9407010078430176,0.8976762294769287,3.467620849609375,,3x3,115.32814299999296,585.6130119999534,3.5813149999057714,12.949333999927148,79.68616517010575,97.55601793220879
768x1344 (Standard),768x1344,1-GPU Normal,None,1,1227.1093020000308,1.0,1.0,2.44757080078125,0.0,1.0,0.0,False,,,,,,,
768x1344 (Standard),768x1344,1-GPU Tiled,256px (ov 64),28,1699.3158860000221,0.7221195965445207,1.0,2.090451240539551,0.0,0.7938836812973022,4.859375,,4x7,60.17905407142215,,,,,
768x1344 (Standard),768x1344,2-GPU Parallel Tiled,256px (ov 64),28,913.5873970000148,1.3431766966461458,1.8600474257636839,2.1702094078063965,1.897923469543457,0.7938836812973022,4.859375,,4x7,56.44917653570961,903.3369229999835,10.202886000001854,223.73771700017642,99.89604620644687,75.0748758002359
768x1344 (Standard),768x1344,1-GPU Tiled,384px (ov 64),12,1439.6782309999026,0.8523496956314774,1.0,2.1538987159729004,0.0,0.858090877532959,4.611328125,,3x4,119.4531366666638,,,,,
768x1344 (Standard),768x1344,2-GPU Parallel Tiled,384px (ov 64),12,848.5436540000819,1.446135736464906,1.6966460407937523,2.175992488861084,1.9407010078430176,0.858090877532959,4.611328125,,3x4,122.22838391668726,843.1475439999758,5.357167000056506,95.1892109999335,99.90210076447656,74.0580343788797
